<schemalist>
  <schema id="org.gnome.shell.extensions.Pomodoro" path="/org/gnome/shell/extensions/Pomodoro/">
    <key name="work-duration" type="i">
      <default>25</default>
      <summary>Duración de trabajo (min)</summary>
      <description>Minutos por sesión de trabajo (Pomodoro).</description>
    </key>

    <key name="short-break" type="i">
      <default>5</default>
      <summary>Descanso corto (min)</summary>
      <description>Minutos de descanso corto.</description>
    </key>

    <key name="long-break" type="i">
      <default>15</default>
      <summary>Descanso largo (min)</summary>
      <description>Minutos de descanso largo.</description>
    </key>

    <key name="cycles-before-long" type="i">
      <default>4</default>
      <summary>Ciclos antes de descanso largo</summary>
      <description>Número de pomodoros antes de un descanso largo.</description>
    </key>

    <key name="enable-notifications" type="b">
      <default>true</default>
      <summary>Activar notificaciones</summary>
      <description>Si está activo, la extensión enviará notificaciones.</description>
    </key>

    <key name="study-time-seconds" type="u">
      <default>0</default>
      <summary>Tiempo total estudiado (s)</summary>
      <description>Segundos acumulados de estudio (persistente).</description>
    </key>

    <key name="sessions-completed" type="u">
      <default>0</default>
      <summary>Sesiones completadas</summary>
      <description>Número total de sesiones de trabajo completadas.</description>
    </key>
  </schema>
</schemalist>

